{"cameraMode":{"drawMode":0,"name":"Shaded","section":"Shading Mode"},"sceneLighting":false,"audioPlay":false,"sceneViewState":{"showFog":true,"showMaterialUpdate":false,"showSkybox":true,"showFlares":true,"showImageEffects":true,"showParticleSystems":true},"in2DMode":false,"pivot":{"x":-2.78048038482666,"y":0.9785754680633545,"z":-0.5908594131469727},"rotation":{"x":-0.051171693950891498,"y":0.5591056942939758,"z":-0.03459712862968445,"w":-0.8267921805381775},"size":4.216151714324951,"orthographic":false}