{"cameraMode":{"drawMode":0,"name":"Shaded","section":"Shading Mode"},"sceneLighting":false,"audioPlay":false,"sceneViewState":{"showFog":true,"showMaterialUpdate":false,"showSkybox":true,"showFlares":true,"showImageEffects":true,"showParticleSystems":true},"in2DMode":false,"pivot":{"x":5.814813613891602,"y":1.1490857601165772,"z":-0.5534110069274902},"rotation":{"x":0.15328939259052277,"y":-0.8122215270996094,"z":0.24591965973377229,"w":0.5062826871871948},"size":4.171576499938965,"orthographic":false}