{"cameraMode":{"drawMode":0,"name":"Shaded","section":"Shading Mode"},"sceneLighting":false,"audioPlay":false,"sceneViewState":{"showFog":true,"showMaterialUpdate":false,"showSkybox":true,"showFlares":true,"showImageEffects":true,"showParticleSystems":true},"in2DMode":false,"pivot":{"x":5.26674747467041,"y":-0.09312009811401367,"z":1.4866955280303956},"rotation":{"x":0.1227179616689682,"y":-0.8768970370292664,"z":0.3421368896961212,"w":0.3145381212234497},"size":1.810657024383545,"orthographic":false}