{"cameraMode":{"drawMode":0,"name":"Shaded","section":"Shading Mode"},"sceneLighting":false,"audioPlay":false,"sceneViewState":{"showFog":true,"showMaterialUpdate":false,"showSkybox":true,"showFlares":true,"showImageEffects":true,"showParticleSystems":true},"in2DMode":false,"pivot":{"x":4.748779296875,"y":0.3021240234375,"z":1.452392578125},"rotation":{"x":0.06889571249485016,"y":-0.8601752519607544,"z":0.12078046053647995,"w":0.49067720770835879},"size":1.4562103748321534,"orthographic":true}