{"cameraMode":{"drawMode":0,"name":"Shaded","section":"Shading Mode"},"sceneLighting":false,"audioPlay":false,"sceneViewState":{"showFog":true,"showMaterialUpdate":false,"showSkybox":true,"showFlares":true,"showImageEffects":true,"showParticleSystems":true},"in2DMode":false,"pivot":{"x":4.556306838989258,"y":0.862857460975647,"z":0.14733129739761353},"rotation":{"x":0.09302734583616257,"y":-0.5021570324897766,"z":0.05445046350359917,"w":0.8580323457717896},"size":2.1258203983306886,"orthographic":false}